numerus,casus,genus,scriptum
singularis,genitivus,,is
singularis,dativus,,ī
singularis,ablativus,,e
singularis,locaivus,,e
pluralis,genitivus,,um
pluralis,dativus,,ibus
pluralis,ablativus,,ibus
pluralis,locaivus,,ibus
singularis,nominativus,masculinum
singularis,vocativus,masculinum
pluralis,vocativus,masculinum
singularis,nominativus,femininum
singularis,vocativus,femininum
pluralis,vocativus,femininum
singularis,nominativus,neutrum,e
singularis,accusativus,neutrum,e
singularis,vocativus,neutrum,e
pluralis,nominativus,neutrum,a
pluralis,accusativus,neutrum,a
pluralis,vocativus,neutrum,a
singularis,accusativus,masculinum,em
pluralis,nominativus,masculinum,ēs
pluralis,accusativus,masculinum,ēs
singularis,accusativus,femininum,em
pluralis,nominativus,femininum,ēs
pluralis,accusativus,femininum,ēs
