modus, scriptum, tempus, numerus, persona
infinitivus, fierī
participium, factum
imperativus, fī, praesens, singularis
imperativus, fīte, praesens, pluralis
imperativus, fītō, futurum, singularis
imperativus, fītōte, futurum, pluralis
indicativus, fīō, praesens, singularis, prima
indicativus, fīs, praesens, singularis, secunda
indicativus, fit, praesens, singularis, tertia
indicativus, fīmus, praesens, pluralis, prima
indicativus, fītis, praesens, pluralis, secunda
indicativus, fīunt, praesens, pluralis, tertia
indicativus, fīēbam, infectum, singularis, prima
indicativus, fīēbās, infectum, singularis, secunda
indicativus, fīēbat, infectum, singularis, tertia
indicativus, fīēbāmus, infectum, pluralis, prima
indicativus, fīēbātis, infectum, pluralis, secunda
indicativus, fīēbant, infectum, pluralis, tertia
indicativus, fīam, futurum, singularis, prima
indicativus, fīēs, futurum, singularis, secunda
indicativus, fīet, futurum, singularis, tertia
indicativus, fīēmus, futurum, pluralis, prima
indicativus, fīēis, futurum, pluralis, secunda
indicativus, fīent, futurum, pluralis, tertia
subiunctivus, fīam, praesens, singularis, prima
subiunctivus, fīās, praesens, singularis, secunda
subiunctivus, fīat, praesens, singularis, tertia
subiunctivus, fīāmus, praesens, pluralis, prima
subiunctivus, fīātis, praesens, pluralis, secunda
subiunctivus, fīant, praesens, pluralis, tertia
subiunctivus, fīerem, infectum, singularis, prima
subiunctivus, fīerēs, infectum, singularis, secunda
subiunctivus, fīeret, infectum, singularis, tertia
subiunctivus, fīerēmus, infectum, pluralis, prima
subiunctivus, fīerētis, infectum, pluralis, secunda
subiunctivus, fīerent, infectum, pluralis, tertia
